-- MySQL Script generated by MySQL Workbench
-- Tue 20 Mar 2018 11:46:54 PM EET
-- Model: New Model    Version: 1.0
-- MySQL Workbench Forward Engineering

SET @OLD_UNIQUE_CHECKS=@@UNIQUE_CHECKS, UNIQUE_CHECKS=0;
SET @OLD_FOREIGN_KEY_CHECKS=@@FOREIGN_KEY_CHECKS, FOREIGN_KEY_CHECKS=0;
SET @OLD_SQL_MODE=@@SQL_MODE, SQL_MODE='TRADITIONAL,ALLOW_INVALID_DATES';

-- -----------------------------------------------------
-- Schema Judgement
-- -----------------------------------------------------

-- -----------------------------------------------------
-- Schema Judgement
-- -----------------------------------------------------
CREATE SCHEMA IF NOT EXISTS `Judgement` DEFAULT CHARACTER SET utf8 ;
USE `Judgement` ;

-- -----------------------------------------------------
-- Table `Judgement`.`Claims`
-- -----------------------------------------------------
CREATE TABLE IF NOT EXISTS `Judgement`.`Claims` (
  `claim_id` INT NOT NULL AUTO_INCREMENT,
  `patient_name` VARCHAR(45) NOT NULL,
  PRIMARY KEY (`claim_id`))
ENGINE = InnoDB;
INSERT INTO Claims VALUES(1, 'Bassem Dghaidi');
INSERT INTO Claims VALUES(2, 'Omar Breidi');
INSERT INTO Claims VALUES(3, 'Marwan Sawwan');

-- -----------------------------------------------------
-- Table `Judgement`.`Defendants`
-- -----------------------------------------------------
CREATE TABLE IF NOT EXISTS `Judgement`.`Defendants` (
  `claim_id` INT NOT NULL,
  `defendant_name` VARCHAR(45) NOT NULL,
  PRIMARY KEY (`claim_id`, `defendant_name`),
  INDEX `fk_Defendants_Claims1_idx` (`claim_id` ASC),
  CONSTRAINT `fk_Defendants_Claims1`
    FOREIGN KEY (`claim_id`)
    REFERENCES `Judgement`.`Claims` (`claim_id`)
    ON DELETE NO ACTION
    ON UPDATE NO ACTION)
ENGINE = InnoDB;
INSERT INTO Defendants VALUES(1, 'Jean Skaff');
INSERT INTO Defendants VALUES(1, 'Elie Meouchi');
INSERT INTO Defendants VALUES(1, 'Radwan Sameh');
INSERT INTO Defendants VALUES(2, 'Joseph Eid');
INSERT INTO Defendants VALUES(2, 'Paul Syoufi');
INSERT INTO Defendants VALUES(2, 'Radwan Sameh');
INSERT INTO Defendants VALUES(3, 'Issam Awwad');

-- -----------------------------------------------------
-- Table `Judgement`.`ClaimStatusCodes`
-- -----------------------------------------------------
CREATE TABLE IF NOT EXISTS `Judgement`.`ClaimStatusCodes` (
  `claim_status` VARCHAR(45) NOT NULL,
  `claim_status_desc` VARCHAR(45) NOT NULL,
  `claim_seq` INT NOT NULL,
  PRIMARY KEY (`claim_status`))
ENGINE = InnoDB;
INSERT INTO ClaimStatusCodes VALUES('AP', 'Awaiting review panel',1);
INSERT INTO ClaimStatusCodes VALUES('OR', 'Panel opinion rendered',2);
INSERT INTO ClaimStatusCodes VALUES('SF', 'Suit filed',3);
INSERT INTO ClaimStatusCodes VALUES('CL', 'Closed',4);

-- -----------------------------------------------------
-- Table `Judgement`.`LegalEvents`
-- -----------------------------------------------------
CREATE TABLE IF NOT EXISTS `Judgement`.`LegalEvents` (
  `claim_id` INT NOT NULL,
  `defendant_name` VARCHAR(45) NOT NULL,
  `claim_status` VARCHAR(45) NOT NULL,
  `change_date` DATE NOT NULL,
  PRIMARY KEY (`defendant_name`, `claim_status`, `change_date`, `claim_id`),
  INDEX `fk_LegalEvents_ClaimStatusCodes1_idx` (`claim_status` ASC),
  CONSTRAINT `fk_LegalEvents_Claims`
    FOREIGN KEY (`claim_id`)
    REFERENCES `Judgement`.`Claims` (`claim_id`)
    ON DELETE NO ACTION
    ON UPDATE NO ACTION,
  CONSTRAINT `fk_LegalEvents_ClaimStatusCodes1`
    FOREIGN KEY (`claim_status`)
    REFERENCES `Judgement`.`ClaimStatusCodes` (`claim_status`)
    ON DELETE NO ACTION
    ON UPDATE NO ACTION)
ENGINE = InnoDB;
INSERT INTO LegalEvents VALUES(1, 'Jean Skaff','AP','2016-01-01');
INSERT INTO LegalEvents VALUES(1, 'Jean Skaff','OR','2016-02-02');
INSERT INTO LegalEvents VALUES(1, 'Jean Skaff','SF','2016-03-01');
INSERT INTO LegalEvents VALUES(1, 'Jean Skaff','CL','2016-04-01');
INSERT INTO LegalEvents VALUES(1, 'Radwan Sameh','AP','2016-01-01');
INSERT INTO LegalEvents VALUES(1, 'Radwan Sameh','OR','2016-02-02');
INSERT INTO LegalEvents VALUES(1, 'Radwan Sameh','SF','2016-03-01');
INSERT INTO LegalEvents VALUES(1, 'Elie Meouchi','AP','2016-01-01');
INSERT INTO LegalEvents VALUES(1, 'Elie Meouchi','OR','2016-02-02');
INSERT INTO LegalEvents VALUES(2, 'Radwan Sameh','AP','2016-01-01');
INSERT INTO LegalEvents VALUES(2, 'Radwan Sameh','OR','2016-02-01');
INSERT INTO LegalEvents VALUES(2, 'Paul Syoufi','AP','2016-01-01');
INSERT INTO LegalEvents VALUES(3, 'Issam Awwad','AP','2016-01-01');

SET SQL_MODE=@OLD_SQL_MODE;
SET FOREIGN_KEY_CHECKS=@OLD_FOREIGN_KEY_CHECKS;
SET UNIQUE_CHECKS=@OLD_UNIQUE_CHECKS;

SELECT CStat.claim_id, C.patient_name, CSC.claim_status
FROM
(
SELECT CStat.claim_id, C.patient_name, CSC.claim_status
FROM
(
SELECT StatNb.claim_id, min(StatNb.Status) AS MINSTATUS
FROM
(
SELECT LE.claim_id, COUNT(LE.claim_status) AS Status
FROM LegalEvents AS LE
JOIN ClaimStatusCodes AS CSC
ON LE.claim_status = CSC.claim_status
GROUP BY LE.claim_id,LE.defendant_name
ORDER BY CSC.claim_seq DESC
) AS StatNb
GROUP BY claim_id
) AS CStat
JOIN Claims AS C
ON C.claim_id = CStat.claim_id
JOIN ClaimStatusCodes AS CSC
ON CSC.claim_seq = CStat.MINSTATUS
ORDER BY CStat.claim_id ASC;
